{
    "action": {
        "mean": [
            6.86392879486084,
            -17.345104217529297,
            34.71533203125,
            41.63603973388672,
            57.63048553466797,
            40.35496139526367
        ],
        "std": [
            17.450546264648438,
            49.39969253540039,
            54.535701751708984,
            26.55440902709961,
            13.088640213012695,
            12.927154541015625
        ],
        "min": [
            -21.199386596679688,
            -147.47891235351562,
            -547.3817749023438,
            -8.95367431640625,
            -0.677825927734375,
            14.985862731933594
        ],
        "max": [
            44.307525634765625,
            296.898193359375,
            104.83918762207031,
            299.7656555175781,
            89.47267150878906,
            67.10650634765625
        ],
        "q01": [
            -17.21621192932129,
            -108.37372406005859,
            -96.04731567382814,
            -0.8364151000976563,
            5.950342178344727,
            14.985862731933594
        ],
        "q99": [
            42.37974792480469,
            78.9247741699219,
            101.92901962280274,
            91.89984893798828,
            85.5534397888184,
            61.35721206665039
        ]
    },
    "observation.state": {
        "mean": [
            7.095592975616455,
            -16.884937286376953,
            37.7063102722168,
            40.742286682128906,
            57.271751403808594,
            40.799041748046875
        ],
        "std": [
            17.371131896972656,
            44.153709411621094,
            36.84745788574219,
            19.385345458984375,
            13.344717025756836,
            12.403162002563477
        ],
        "min": [
            -20.098533630371094,
            -100.18029022216797,
            -100.65483856201172,
            -4.905372619628906,
            -0.34287261962890625,
            14.54438304901123
        ],
        "max": [
            43.66752624511719,
            83.36184692382812,
            100.03512573242188,
            100.11141967773438,
            88.91751098632812,
            67.10521697998047
        ],
        "q01": [
            -17.05407279968262,
            -100.06150512695312,
            -77.19435119628906,
            -0.1095751190185547,
            2.3144403076171876,
            14.995139532089233
        ],
        "q99": [
            42.416142578125005,
            77.10135406494149,
            100.00225723266601,
            80.5276188659668,
            85.55884002685549,
            61.345038146972655
        ]
    },
    "timestamp": {
        "mean": [
            6.007592678070068
        ],
        "std": [
            3.5206589698791504
        ],
        "min": [
            0.0
        ],
        "max": [
            14.399999618530273
        ],
        "q01": [
            0.10000000149011612
        ],
        "q99": [
            12.766666412353516
        ]
    },
    "frame_index": {
        "mean": [
            180.22776794433594
        ],
        "std": [
            105.6197738647461
        ],
        "min": [
            0.0
        ],
        "max": [
            432.0
        ],
        "q01": [
            3.0
        ],
        "q99": [
            383.0
        ]
    },
    "episode_index": {
        "mean": [
            24.65180778503418
        ],
        "std": [
            14.37261962890625
        ],
        "min": [
            0.0
        ],
        "max": [
            49.0
        ],
        "q01": [
            0.0
        ],
        "q99": [
            49.0
        ]
    },
    "index": {
        "mean": [
            8984.4990234375
        ],
        "std": [
            5187.4921875
        ],
        "min": [
            0.0
        ],
        "max": [
            17969.0
        ],
        "q01": [
            179.69
        ],
        "q99": [
            17789.31
        ]
    },
    "task_index": {
        "mean": [
            0.0
        ],
        "std": [
            0.0
        ],
        "min": [
            0.0
        ],
        "max": [
            0.0
        ],
        "q01": [
            0.0
        ],
        "q99": [
            0.0
        ]
    }
}